question,answer
What are Abhay's hobbies?,"Abhay enjoys travelling, trekking, playing guitar, and volunteering at local tech workshops. He loves exploring new places and jamming with friends on weekends."
Does Abhay like travelling?,"Yes, Abhay loves travelling. He has explored places like Gokarna, Ooty, Kodaikanal, Rameshwaram, and Pondicherry. He enjoys both beach destinations and hill stations."
Where has Abhay travelled?,"Abhay has travelled to Gokarna, Ooty, Kodaikanal, Rameshwaram, and Pondicherry among other places. He enjoys exploring South India's diverse landscapes."
What places has Abhay visited?,"Abhay has visited Gokarna, Ooty, Kodaikanal, Rameshwaram, and Pondicherry. He enjoys a mix of beaches, hills, and culturally rich destinations."
Has Abhay been to Gokarna?,"Yes, Abhay has been to Gokarna. It is one of his favourite travel destinations."
Has Abhay been to Ooty?,"Yes, Abhay has visited Ooty. He enjoys exploring hill stations."
Has Abhay been to Kodaikanal?,"Yes, Abhay has been to Kodaikanal. He likes visiting hill stations in South India."
Has Abhay been to Rameshwaram?,"Yes, Abhay has visited Rameshwaram. He enjoys exploring culturally significant and coastal destinations."
Has Abhay been to Pondicherry?,"Yes, Abhay has been to Pondicherry. He enjoys the coastal vibe and French-inspired architecture."
Does Abhay like trekking?,"Yes, Abhay enjoys trekking. He has done treks during his travels and likes being outdoors in nature."
Has Abhay done any treks?,"Yes, Abhay has done trekking during his travels to hill stations and coastal areas. He enjoys the adventure and being close to nature."
What kind of trips does Abhay prefer?,"Abhay enjoys a mix of beach trips, hill station getaways, and treks. He has visited coastal spots like Gokarna and Pondicherry as well as hill stations like Ooty and Kodaikanal."
Does Abhay like beaches or mountains?,"Both! Abhay has visited beach destinations like Gokarna, Rameshwaram, and Pondicherry, and hill stations like Ooty and Kodaikanal. He enjoys the variety."
Does Abhay play any musical instrument?,"Yes, Abhay plays the guitar. He enjoys jamming with friends over the weekends."
Does Abhay play guitar?,"Yes, Abhay plays guitar and regularly jams with his friends on weekends. Music is one of his favourite ways to unwind."
What kind of music does Abhay like?,"Abhay is into music and plays the guitar. He enjoys jamming sessions with friends on weekends, playing and vibing together."
Does Abhay jam with friends?,"Yes, Abhay regularly jams with his friends over the weekends. They get together to play guitar and enjoy music."
What does Abhay do on weekends?,"Abhay likes to jam with friends on weekends playing guitar. He also enjoys travelling and exploring new places when he gets the chance."
How does Abhay relax after work?,"Abhay unwinds by playing guitar and jamming with friends. He also enjoys planning trips to new destinations and volunteering at tech workshops."
What does Abhay do in his free time?,"In his free time, Abhay plays guitar, jams with friends, plans trips to new places, and explores the latest advancements in AI. He also volunteers at local tech workshops."
Does Abhay have any creative hobbies?,"Yes, Abhay plays guitar and enjoys music. He regularly jams with friends over the weekends, which is his creative outlet outside of work."
Is Abhay an outdoorsy person?,"Yes, Abhay enjoys outdoor activities. He has trekked during his travels and explored diverse landscapes across South India — from the beaches of Gokarna to the hills of Kodaikanal."
Does Abhay like road trips?,"Abhay enjoys travelling and has explored multiple destinations across South India including Gokarna, Ooty, Kodaikanal, Rameshwaram, and Pondicherry — many of which are popular road trip routes from Bengaluru."
Does Abhay travel solo or with friends?,"Abhay enjoys both — he loves jamming and spending time with friends on weekends, and his travel adventures span both group trips and exploring new places."
What is Abhay's favourite travel destination?,"Abhay has visited many great places including Gokarna, Ooty, Kodaikanal, Rameshwaram, and Pondicherry. Each destination offers something unique — beaches, hills, culture, and adventure."
Does Abhay explore places near Bengaluru?,"Yes, being based in Bengaluru, Abhay has explored nearby destinations like Gokarna, Ooty, Kodaikanal, Rameshwaram, and Pondicherry — all accessible from Bengaluru."
What are Abhay's interests outside of tech?,"Outside of tech, Abhay is passionate about travelling, trekking, and music. He plays guitar, jams with friends on weekends, and has explored destinations across South India."
Is Abhay only about work?,"Not at all! While Abhay is passionate about AI/ML, he also loves travelling to places like Gokarna and Ooty, trekking, playing guitar, and jamming with friends on weekends. He believes in a good work-life balance."
Tell me something interesting about Abhay outside work.,"Abhay plays guitar and regularly jams with his friends over the weekends. He is also an avid traveller who has explored Gokarna, Ooty, Kodaikanal, Rameshwaram, and Pondicherry, and enjoys trekking."
Does Abhay volunteer?,"Yes, Abhay volunteers at local tech workshops. He enjoys sharing knowledge and helping others learn about AI and technology."
What are your hobbies?,"I enjoy travelling, trekking, and playing guitar. I have explored places like Gokarna, Ooty, Kodaikanal, Rameshwaram, and Pondicherry. On weekends I love jamming with friends."
Do you play any instrument?,"Yes, I play guitar. I enjoy jamming with my friends over the weekends — it is one of my favourite ways to relax."
Do you like travelling?,"I love travelling! I have visited Gokarna, Ooty, Kodaikanal, Rameshwaram, and Pondicherry. I enjoy both beaches and hill stations."
Where have you travelled?,"I have travelled to Gokarna, Ooty, Kodaikanal, Rameshwaram, and Pondicherry among other places. I enjoy exploring new destinations, especially in South India."
What do you do for fun?,"I play guitar and jam with friends on weekends. I also love travelling — I have been to Gokarna, Ooty, Kodaikanal, Rameshwaram, and Pondicherry. Trekking is another thing I enjoy."
What do you do on weekends?,"I usually jam with friends playing guitar on weekends. Sometimes I plan trips to explore new places or catch up on the latest in AI."
Do you like trekking?,"Yes, I enjoy trekking. I have done treks during my travels and love being outdoors in nature."
What do you do outside of work?,"Outside of work, I play guitar, jam with friends, travel to new places, and volunteer at local tech workshops. I also explore new advancements in AI."
Are you into music?,"Yes, I love music! I play guitar and regularly jam with my friends over the weekends. It is one of my favourite ways to unwind after a busy week."
